Feature 1,Feature 2
0,11.03190610968185
2,10.816059859191178
4,11.836182179067151
6,17.74964847134956
8,17.568311510583058
22,33.13326820546709
24,29.442606328646207
26,31.040551441584075
28,34.33972527049134
